영화명,배급사,전국관객수,개봉일
탐정: 리턴즈,씨제이이앤엠(주),2672608,2018-06-13
오션스8,워너브러더스 코리아(주),1251737,2018-06-13
쥬라기 월드: 폴른 킹덤,유니버설픽쳐스인터내셔널 코리아(유),5519298,2018-06-06
독전,(주)넥스트엔터테인먼트월드(NEW),5043827,2018-05-22
데드풀 2,이십세기폭스코리아(주),3783375,2018-05-16
챔피언,워너브러더스 코리아(주),1125248,2018-05-01
어벤져스: 인피니티 워,월트디즈니컴퍼니코리아 유한책임회사,11202737,2018-04-25
램페이지,워너브러더스 코리아(주),1385515,2018-04-12
바람 바람 바람,(주)넥스트엔터테인먼트월드(NEW),1183969,2018-04-05
곤지암,(주)쇼박스,2675618,2018-03-28
레디 플레이어 원,워너브러더스 코리아(주),2253729,2018-03-28
퍼시픽 림: 업라이징,유니버설픽쳐스인터내셔널 코리아(유),1077238,2018-03-21
지금 만나러 갑니다,롯데쇼핑㈜롯데엔터테인먼트,2601572,2018-03-14
사라진 밤,씨네그루(주)키다리이엔티,1314283,2018-03-07
궁합,씨제이이앤엠(주),1340149,2018-02-28
리틀 포레스트,메가박스중앙(주)플러스엠,1504888,2018-02-28
골든슬럼버,씨제이이앤엠(주),1387562,2018-02-14
블랙 팬서,월트디즈니컴퍼니코리아 유한책임회사,5399070,2018-02-14
조선명탐정: 흡혈괴마의 비밀,(주)쇼박스,2424387,2018-02-08
그것만이 내 세상,씨제이이앤엠(주),3417677,2018-01-17
메이즈 러너: 데스 큐어,이십세기폭스코리아(주),2299751,2018-01-17
코코,월트디즈니컴퍼니코리아 유한책임회사,3510040,2018-01-11
쥬만지: 새로운 세계,소니픽쳐스엔터테인먼트코리아주식회사극장배급지점,1708692,2018-01-03
1987,씨제이이앤엠(주),7231770,2017-12-27
신과함께-죄와 벌,롯데쇼핑㈜롯데엔터테인먼트,14410931,2017-12-20
위대한 쇼맨,이십세기폭스코리아(주),1402816,2017-12-20
강철비,(주)넥스트엔터테인먼트월드(NEW),4451351,2017-12-14
기억의 밤,"메가박스중앙(주)플러스엠,주식회사 키위컴퍼니",1387599,2017-11-29
꾼,(주)쇼박스,4018341,2017-11-22
저스티스 리그,워너브러더스 코리아(주),1786386,2017-11-15
해피 데스데이,유니버설픽쳐스인터내셔널 코리아(유),1382480,2017-11-08
부라더,메가박스중앙(주)플러스엠,1468301,2017-11-02
토르: 라그나로크,월트디즈니컴퍼니코리아 유한책임회사,4857152,2017-10-25
지오스톰,워너브러더스 코리아(주),1028384,2017-10-19
남한산성,씨제이이앤엠(주),3829891,2017-10-03
범죄도시,"메가박스중앙(주)플러스엠,(주)키위미디어그룹",6851297,2017-10-03
킹스맨: 골든 서클,이십세기폭스코리아(주),4945484,2017-09-27
아이 캔 스피크,"롯데쇼핑㈜롯데엔터테인먼트,(주)리틀빅픽쳐스",3280243,2017-09-21
살인자의 기억법,(주)쇼박스,2656694,2017-09-06
킬러의 보디가드,"TCO(주)더콘텐츠온,(주)제이앤씨미디어그룹",1721757,2017-08-30
브이아이피,워너브러더스 코리아(주),1373316,2017-08-23
장산범,(주)넥스트엔터테인먼트월드(NEW),1305145,2017-08-17
혹성탈출: 종의 전쟁,이십세기폭스코리아(주),2050909,2017-08-15
애나벨 : 인형의 주인,워너브러더스 코리아(주),1934192,2017-08-10
청년경찰,롯데쇼핑㈜롯데엔터테인먼트,5636259,2017-08-09
택시운전사,(주)쇼박스,12099971,2017-08-02
군함도,씨제이이앤엠(주),6592151,2017-07-26
슈퍼배드 3,유니버설픽쳐스인터내셔널 코리아(유),3324861,2017-07-26
덩케르크,워너브러더스 코리아(주),2792705,2017-07-20
스파이더맨: 홈 커밍,소니픽쳐스엔터테인먼트코리아주식회사극장배급지점,7257973,2017-07-05
박열,메가박스중앙(주)플러스엠,2359174,2017-06-28
트랜스포머: 최후의 기사,롯데쇼핑㈜롯데엔터테인먼트,2614601,2017-06-21
하루,CGV아트하우스,1129018,2017-06-15
악녀,(주)넥스트엔터테인먼트월드(NEW),1206917,2017-06-08
미이라,유니버설픽쳐스인터내셔널 코리아(유),3689325,2017-06-06
원더 우먼,워너브러더스 코리아(주),2165401,2017-05-31
노무현입니다,"CGV아트하우스,영화사 풀",1854867,2017-05-25
캐리비안의 해적: 죽은 자는 말이 없다,월트디즈니컴퍼니코리아 유한책임회사,3049894,2017-05-24
겟 아웃,유니버설픽쳐스인터내셔널 코리아(유),2138146,2017-05-17
에이리언: 커버넌트,이십세기폭스코리아(주),1307226,2017-05-09
보안관,롯데쇼핑㈜롯데엔터테인먼트,2571491,2017-05-03
보스 베이비,씨제이이앤엠(주),2450023,2017-05-03
가디언즈 오브 갤럭시 VOL. 2,월트디즈니컴퍼니코리아 유한책임회사,2735719,2017-05-03
특별시민,(주)쇼박스,1362634,2017-04-26
임금님의 사건수첩,씨제이이앤엠(주),1634403,2017-04-26
분노의 질주: 더 익스트림,유니버설픽쳐스인터내셔널 코리아(유),3653238,2017-04-12
프리즌,(주)쇼박스,2931897,2017-03-23
미녀와 야수,월트디즈니컴퍼니코리아 유한책임회사,5137993,2017-03-16
콩: 스컬 아일랜드,워너브러더스 코리아(주),1685933,2017-03-08
로건,이십세기폭스코리아(주),2070084,2017-03-01
해빙,롯데쇼핑㈜롯데엔터테인먼트,1201576,2017-03-01
23 아이덴티티,유니버설픽쳐스인터내셔널 코리아(유),1675798,2017-02-22
재심,"오퍼스픽쳐스,CGV아트하우스",2420729,2017-02-15
조작된 도시,씨제이이앤엠(주),2512572,2017-02-09
공조,씨제이이앤엠(주),7817446,2017-01-18
더 킹,(주)넥스트엔터테인먼트월드(NEW),5316325,2017-01-18
모아나,월트디즈니컴퍼니코리아 유한책임회사,2310054,2017-01-12
너의 이름은.,메가박스중앙(주)플러스엠,3637122,2017-01-04
로그 원: 스타워즈 스토리,월트디즈니컴퍼니코리아 유한책임회사,1019309,2016-12-28
씽,유니버설픽쳐스인터내셔널 코리아(유),1729426,2016-12-21
마스터,씨제이이앤엠(주),7150541,2016-12-21
"당신, 거기 있어줄래요",롯데쇼핑㈜롯데엔터테인먼트,1168625,2016-12-14
판도라,(주)넥스트엔터테인먼트월드(NEW),4571142,2016-12-07
라라랜드,판씨네마(주),3572327,2016-12-07
미씽: 사라진 여자,메가박스중앙(주)플러스엠,1153109,2016-11-30
형,씨제이이앤엠(주),2982022,2016-11-23
신비한 동물사전,워너브러더스 코리아(주),4666993,2016-11-16
닥터 스트레인지,월트디즈니컴퍼니코리아(주),5446379,2016-10-26
럭키,(주)쇼박스,6965706,2016-10-13
미스 페레그린과 이상한 아이들의 집,이십세기폭스코리아(주),2718158,2016-09-28
아수라,씨제이이앤엠(주),2594028,2016-09-28
벤허,롯데쇼핑㈜롯데엔터테인먼트,1399771,2016-09-14
밀정,워너브러더스 코리아(주),7487545,2016-09-07
라이트 아웃,워너브러더스 코리아(주),1111158,2016-08-24
스타트렉 비욘드,롯데쇼핑㈜롯데엔터테인먼트,1157472,2016-08-17
터널,(주)쇼박스,7118592,2016-08-10
마이펫의 이중생활,유니버설픽쳐스인터내셔널 코리아(유),2517805,2016-08-03
수어사이드 스쿼드,워너브러더스 코리아(주),1898121,2016-08-03
덕혜옹주,롯데쇼핑㈜롯데엔터테인먼트,5593551,2016-08-03
제이슨 본,유니버설픽쳐스인터내셔널 코리아(유),2611966,2016-07-27
인천상륙작전,씨제이이앤엠(주),7049643,2016-07-27
부산행,(주)넥스트엔터테인먼트월드(NEW),11565078,2016-07-20
나우 유 씨 미 2,롯데쇼핑㈜롯데엔터테인먼트,3100113,2016-07-13
도리를 찾아서,월트디즈니컴퍼니코리아(주),2601734,2016-07-06
봉이 김선달,씨제이이앤엠(주),2044564,2016-07-06
굿바이 싱글,(주)쇼박스,2108273,2016-06-29
인디펜던스 데이 : 리써전스,이십세기폭스코리아(주),1500830,2016-06-22
특별수사: 사형수의 편지,(주)넥스트엔터테인먼트월드(NEW),1225142,2016-06-16
컨저링 2,워너브러더스 코리아(주),1926201,2016-06-09
워크래프트: 전쟁의 서막,유니버설픽쳐스인터내셔널 코리아(유),1163120,2016-06-09
정글북,월트디즈니컴퍼니코리아(주),2532051,2016-06-09
아가씨,씨제이이앤엠(주),4277071,2016-06-01
엑스맨: 아포칼립스,이십세기폭스코리아(주),2938818,2016-05-25
곡성,이십세기폭스코리아(주),6878264,2016-05-12
탐정 홍길동: 사라진 마을,씨제이이앤엠(주),1426873,2016-05-04
캡틴 아메리카: 시빌 워,월트디즈니컴퍼니코리아(주),8677249,2016-04-27
시간이탈자,씨제이이앤엠(주),1202058,2016-04-13
"날, 보러와요",메가박스중앙(주)플러스엠,1061412,2016-04-07
배트맨 대 슈퍼맨: 저스티스의 시작,워너브러더스 코리아(주),2256913,2016-03-24
귀향,(주)와우픽쳐스,3586523,2016-02-24
주토피아,월트디즈니컴퍼니코리아(주),4703245,2016-02-17
동주,메가박스중앙(주)플러스엠,1168427,2016-02-17
데드풀,이십세기폭스코리아(주),3317196,2016-02-17
검사외전,(주)쇼박스,9699092,2016-02-03
쿵푸팬더3,씨제이이앤엠(주),3984812,2016-01-28
오빠생각,(주)넥스트엔터테인먼트월드(NEW),1069436,2016-01-21
레버넌트: 죽음에서 돌아온 자,이십세기폭스코리아(주),2007180,2016-01-14
굿 다이노,월트디즈니컴퍼니코리아(주),1328394,2016-01-07
셜록: 유령신부,메가박스중앙(주)플러스엠,1278894,2016-01-02
내부자들: 디 오리지널,(주)쇼박스,2083999,2015-12-31
몬스터 호텔 2,유니버설픽쳐스인터내셔널 코리아(유),1515104,2015-12-24
스타워즈: 깨어난 포스,월트디즈니컴퍼니코리아(주),3273879,2015-12-17
히말라야,씨제이이앤엠(주),7759473,2015-12-16
대호,(주)넥스트엔터테인먼트월드(NEW),1762742,2015-12-16
내부자들,(주)쇼박스,7071763,2015-11-19
007 스펙터,유니버설픽쳐스인터내셔널 코리아(유),1820842,2015-11-11
검은 사제들,씨제이이앤엠(주),5440945,2015-11-05
그놈이다,CGV아트하우스,1046313,2015-10-28
더 폰,(주)넥스트엔터테인먼트월드(NEW),1593694,2015-10-22
마션,이십세기폭스코리아(주),4875494,2015-10-08
성난 변호사,씨제이이앤엠(주),1124918,2015-10-08
탐정 : 더 비기닝,씨제이이앤엠(주),2625686,2015-09-24
인턴,워너브러더스 코리아(주),3610642,2015-09-24
메이즈 러너: 스코치 트라이얼,이십세기폭스코리아(주),2744413,2015-09-16
사도,(주)쇼박스,6246849,2015-09-16
앤트맨,월트디즈니컴퍼니코리아(주),2839921,2015-09-03
뷰티 인사이드,(주)넥스트엔터테인먼트월드(NEW),2053947,2015-08-20
베테랑,씨제이이앤엠(주),13395400,2015-08-05
미션 임파서블: 로그네이션,롯데쇼핑㈜롯데엔터테인먼트,6126488,2015-07-30
미니언즈,유니버설픽쳐스인터내셔널 코리아(유),2625572,2015-07-29
암살,(주)쇼박스,12705700,2015-07-22
인사이드 아웃,월트디즈니컴퍼니코리아(주),4968687,2015-07-09
터미네이터 제니시스,롯데쇼핑㈜롯데엔터테인먼트,3239371,2015-07-02
연평해전,(주)넥스트엔터테인먼트월드(NEW),6043458,2015-06-24
극비수사,(주)쇼박스,2860786,2015-06-18
쥬라기 월드,유니버설픽쳐스인터내셔널 코리아(유),5546792,2015-06-11
샌 안드레아스,워너브러더스 코리아(주),1714071,2015-06-03
간신,롯데쇼핑㈜롯데엔터테인먼트,1110246,2015-05-21
스파이,이십세기폭스코리아(주),2315882,2015-05-21
악의 연대기,씨제이이앤엠(주),2192243,2015-05-14
매드 맥스: 분노의 도로,워너브러더스 코리아(주),3842441,2015-05-14
차이나타운,CGV아트하우스,1472006,2015-04-29
어벤져스: 에이지 오브 울트론,월트디즈니컴퍼니코리아(주),10494499,2015-04-23
장수상회,씨제이이앤엠(주),1160935,2015-04-09
분노의 질주: 더 세븐,유니버설픽쳐스인터내셔널 코리아(유),3247558,2015-04-01
스물,(주)넥스트엔터테인먼트월드(NEW),3044134,2015-03-25
위플래쉬,(주)쇼박스,1561815,2015-03-12
이미테이션 게임,메가박스중앙(주)플러스엠,1743774,2015-02-17
조선명탐정 : 사라진 놉의 딸,(주)쇼박스,3872015,2015-02-11
킹스맨 : 시크릿 에이전트,이십세기폭스코리아(주),6125154,2015-02-11
쎄시봉,씨제이이앤엠(주),1707487,2015-02-05
강남 1970,(주)쇼박스,2192172,2015-01-21
빅 히어로,월트디즈니컴퍼니코리아(주),2801949,2015-01-21
오늘의 연애,씨제이이앤엠(주),1891993,2015-01-14
박물관이 살아있다 : 비밀의 무덤,이십세기폭스코리아(주),1101678,2015-01-14
테이큰 3,이십세기폭스코리아(주),1860934,2015-01-01
마다가스카의 펭귄,씨제이이앤엠(주),1661230,2014-12-31
기술자들,롯데쇼핑㈜롯데엔터테인먼트,2564340,2014-12-24
국제시장,씨제이이앤엠(주),14245998,2014-12-17
호빗: 다섯 군대 전투,워너브러더스 코리아(주),2836774,2014-12-17
엑소더스: 신들과 왕들,이십세기폭스코리아(주),1511145,2014-12-03
"님아, 그 강을 건너지 마오","CGV아트하우스,(주)대명문화공장",4801355,2014-11-27
빅매치,(주)넥스트엔터테인먼트월드(NEW),1177438,2014-11-27
퓨리,소니픽쳐스릴리징월트디즈니스튜디오스코리아(주),1362114,2014-11-20
인터스텔라,워너브러더스 코리아(주),10273803,2014-11-06
나를 찾아줘,이십세기폭스코리아(주),1764233,2014-10-23
나의 사랑 나의 신부,씨네그루(주)다우기술,2135614,2014-10-08
드라큘라: 전설의 시작,유니버설픽쳐스인터내셔널 코리아(유),1321751,2014-10-08
슬로우 비디오,이십세기폭스코리아(주),1159787,2014-10-02
제보자,메가박스중앙(주)플러스엠,1735640,2014-10-02
메이즈 러너,이십세기폭스코리아(주),2812427,2014-09-18
두근두근 내 인생,씨제이이앤엠(주),1611519,2014-09-03
루시,유니버설픽쳐스인터내셔널 코리아(유),1971837,2014-09-03
타짜-신의 손,"롯데쇼핑㈜롯데엔터테인먼트,(주)싸이더스",4001813,2014-09-03
인투 더 스톰,워너브러더스 코리아(주),2078492,2014-08-28
비긴 어게인,판씨네마(주),3427464,2014-08-13
해무(海霧),(주)넥스트엔터테인먼트월드(NEW),1466830,2014-08-13
해적: 바다로 간 산적,롯데쇼핑㈜롯데엔터테인먼트,8646758,2014-08-06
가디언즈 오브 갤럭시,소니픽쳐스릴리징월트디즈니스튜디오스코리아(주),1311190,2014-07-31
명량,씨제이이앤엠(주),17613682,2014-07-30
드래곤 길들이기 2,씨제이이앤엠(주),3000056,2014-07-23
군도: 민란의 시대,(주)쇼박스,4774895,2014-07-23
혹성탈출: 반격의 서막,이십세기폭스코리아(주),4002134,2014-07-10
신의 한 수,(주)쇼박스,3562123,2014-07-03
트랜스포머: 사라진 시대,씨제이이앤엠(주),5295801,2014-06-25
엣지 오브 투모로우,워너브러더스 코리아(주),4697142,2014-06-04
말레피센트,소니픽쳐스릴리징월트디즈니스튜디오스코리아(주),1397526,2014-05-29
끝까지 간다,(주)쇼박스,3450143,2014-05-29
엑스맨: 데이즈 오브 퓨처 패스트,이십세기폭스코리아(주),4313871,2014-05-22
인간중독,(주)넥스트엔터테인먼트월드(NEW),1441964,2014-05-14
표적,씨제이이앤엠(주),2841788,2014-04-30
역린,롯데쇼핑㈜롯데엔터테인먼트,3849433,2014-04-30
어메이징 스파이더맨 2,소니픽쳐스릴리징월트디즈니스튜디오스코리아(주),4168350,2014-04-23
캡틴 아메리카: 윈터 솔져,소니픽쳐스릴리징월트디즈니스튜디오스코리아(주),3963220,2014-03-26
노아,씨제이이앤엠(주),2026574,2014-03-20
우아한 거짓말,CGV아트하우스,1613392,2014-03-13
300: 제국의 부활,워너브러더스 코리아(주),1593116,2014-03-06
논스톱,(주)넥스트엔터테인먼트월드(NEW),2084457,2014-02-27
폼페이: 최후의 날,롯데쇼핑㈜롯데엔터테인먼트,1373873,2014-02-20
찌라시: 위험한 소문,씨제이이앤엠(주),1221420,2014-02-20
피끓는 청춘,롯데쇼핑㈜롯데엔터테인먼트,1676040,2014-01-22
남자가 사랑할 때,(주)넥스트엔터테인먼트월드(NEW),1979311,2014-01-22
수상한 그녀,씨제이이앤엠(주),8656397,2014-01-22
겨울왕국,소니픽쳐스릴리징월트디즈니스튜디오스코리아(주),10296101,2014-01-16
용의자,(주)쇼박스,4131248,2013-12-24
변호인,(주)넥스트엔터테인먼트월드(NEW),11372451,2013-12-18
호빗: 스마우그의 폐허,워너브러더스 코리아(주),2282744,2013-12-12
집으로 가는 길,씨제이이앤엠(주),1854625,2013-12-11
어바웃 타임,유니버설픽쳐스인터내셔널 코리아(유),3375735,2013-12-05
결혼전야,씨너스엔터테인먼트(주),1212270,2013-11-21
헝거게임: 캣칭 파이어,롯데쇼핑㈜롯데엔터테인먼트,1125739,2013-11-21
친구 2,롯데쇼핑㈜롯데엔터테인먼트,2971475,2013-11-14
동창생,(주)쇼박스,1044522,2013-11-06
토르: 다크 월드,소니픽쳐스릴리징월트디즈니스튜디오스코리아(주),3039889,2013-10-30
공범,씨제이이앤엠(주),1766285,2013-10-24
그래비티,"주식회사 해리슨앤컴퍼니,워너브러더스 코리아(주)",3227452,2013-10-17
화이: 괴물을 삼킨 아이,(주)쇼박스,2391963,2013-10-09
소원,롯데쇼핑㈜롯데엔터테인먼트,2663170,2013-10-02
깡철이,씨제이이앤엠(주),1204666,2013-10-02
컨저링,워너브러더스 코리아(주),2262758,2013-09-17
관상,(주)쇼박스,9134586,2013-09-11
스파이,씨제이이앤엠(주),3423920,2013-09-05
엘리시움,소니픽쳐스릴리징월트디즈니스튜디오스코리아(주),1207732,2013-08-29
나우 유 씨 미 : 마술사기단,롯데쇼핑㈜롯데엔터테인먼트,2718227,2013-08-22
숨바꼭질,(주)넥스트엔터테인먼트월드(NEW),5602543,2013-08-14
감기,아이러브시네마,3119023,2013-08-14
설국열차,씨제이이앤엠(주),8914845,2013-08-01
더 테러 라이브,롯데쇼핑㈜롯데엔터테인먼트,5583596,2013-07-31
더 울버린,이십세기폭스코리아(주),1075333,2013-07-25
터보,씨제이이앤엠(주),1923748,2013-07-25
레드: 더 레전드,롯데쇼핑㈜롯데엔터테인먼트,3004647,2013-07-18
미스터 고,(주)쇼박스,1328890,2013-07-17
퍼시픽 림,워너브러더스 코리아(주),2539114,2013-07-11
감시자들,(주)넥스트엔터테인먼트월드(NEW),5496547,2013-07-03
더 웹툰: 예고살인,씨제이이앤엠(주),1201033,2013-06-27
월드 워 Z,롯데쇼핑㈜롯데엔터테인먼트,5237525,2013-06-20
맨 오브 스틸,워너브러더스 코리아(주),2182227,2013-06-13
은밀하게 위대하게,(주)쇼박스,6953800,2013-06-05
스타트렉 다크니스,씨제이이앤엠(주),1605271,2013-05-30
분노의 질주: 더 맥시멈,유니버설픽쳐스인터내셔널 코리아(유),1790457,2013-05-22
몽타주,(주)넥스트엔터테인먼트월드(NEW),2095375,2013-05-16
위대한 개츠비,워너브러더스 코리아(주),1445124,2013-05-16
고령화 가족,씨제이이앤엠(주),1139250,2013-05-09
아이언맨 3,소니픽쳐스릴리징월트디즈니스튜디오스코리아(주),9001309,2013-04-25
오블리비언,유니버설픽쳐스인터내셔널 코리아(유),1515356,2013-04-11
전설의 주먹,씨제이이앤엠(주),1737253,2013-04-10
런닝맨,이십세기폭스코리아(주),1416053,2013-04-04
지.아이.조 2,씨제이이앤엠(주),1855917,2013-03-28
연애의 온도,롯데쇼핑㈜롯데엔터테인먼트,1865195,2013-03-21
파파로티,(주)쇼박스,1713891,2013-03-14
웜 바디스,씨제이이앤엠(주),1169839,2013-03-14
신세계,(주)넥스트엔터테인먼트월드(NEW),4682492,2013-02-21
다이하드: 굿 데이 투 다이,이십세기폭스코리아(주),1438056,2013-02-06
베를린,씨제이이앤엠(주),7166199,2013-01-30
7번방의 선물,(주)넥스트엔터테인먼트월드(NEW),12811206,2013-01-23
박수건달,(주)쇼박스,3893216,2013-01-09
라이프 오브 파이,"주식회사 해리슨앤컴퍼니,이십세기폭스코리아(주)",1588373,2013-01-01
타워,씨제이이앤엠(주),5181014,2012-12-25
반창꼬,(주)넥스트엔터테인먼트월드(NEW),2471721,2012-12-19
레미제라블,유니버설픽쳐스인터내셔널 코리아(유),5911890,2012-12-19
가문의 영광5 - 가문의 귀환,롯데쇼핑㈜롯데엔터테인먼트,1160021,2012-12-19
호빗: 뜻밖의 여정,워너브러더스 코리아(주),2818993,2012-12-13
나의 PS 파트너 ,씨제이이앤엠(주),1823116,2012-12-06
26년,"(주)인벤트스톤,영화사청어람(주)",2963449,2012-11-29
가디언즈,씨제이이앤엠(주),1075584,2012-11-29
브레이킹 던 part2,(주)넥스트엔터테인먼트월드(NEW),2654817,2012-11-15
내가 살인범이다,(주)쇼박스,2721903,2012-11-08
늑대소년,씨제이이앤엠(주),6654837,2012-10-31
007 스카이폴,소니픽쳐스릴리징월트디즈니스튜디오스코리아(주),2376145,2012-10-26
용의자X,씨제이이앤엠(주),1552055,2012-10-18
회사원,(주)쇼박스,1110523,2012-10-11
테이큰 2,이십세기폭스코리아(주),2308596,2012-09-27
메리다와 마법의 숲,한국소니픽쳐스릴리징브에나비스타영화㈜,1231024,2012-09-27
간첩,롯데쇼핑㈜롯데엔터테인먼트,1310895,2012-09-20
"광해, 왕이 된 남자",씨제이이앤엠(주),12319542,2012-09-13
본 레거시,유니버설픽쳐스인터내셔널 코리아(유),1015711,2012-09-06
공모자들,"씨너스엔터테인먼트(주),타임스토리그룹(주)",1646142,2012-08-29
이웃사람,롯데쇼핑㈜롯데엔터테인먼트,2434099,2012-08-22
토탈 리콜,한국소니픽쳐스릴리징브에나비스타영화㈜,1219637,2012-08-15
R2B: 리턴투베이스,씨제이이앤엠(주),1201640,2012-08-15
바람과 함께 사라지다,(주)넥스트엔터테인먼트월드(NEW),4897551,2012-08-08
새미의 어드벤쳐 2,씨제이이앤엠(주),1452872,2012-08-01
아이스 에이지 4: 대륙 이동설,이십세기폭스코리아(주),1648070,2012-07-25
도둑들,(주)쇼박스,12983330,2012-07-25
다크 나이트 라이즈,워너브러더스 코리아(주),6396528,2012-07-19
연가시,씨제이이앤엠(주),4513026,2012-07-05
어메이징 스파이더맨,한국소니픽쳐스릴리징브에나비스타영화㈜,4853123,2012-06-28
후궁 : 제왕의 첩,롯데쇼핑㈜롯데엔터테인먼트,2621436,2012-06-06
마다가스카3 : 이번엔 서커스다!,씨제이이앤엠(주),1626704,2012-06-06
차형사,씨제이이앤엠(주),1346754,2012-05-30
맨 인 블랙 3,한국소니픽쳐스릴리징브에나비스타영화㈜,3379762,2012-05-24
돈의 맛,"(주)시너지하우스 (시너지),롯데쇼핑㈜롯데엔터테인먼트",1165488,2012-05-17
내 아내의 모든 것,(주)넥스트엔터테인먼트월드(NEW),4598583,2012-05-17
코리아,씨제이이앤엠(주),1857392,2012-05-03
어벤져스,한국소니픽쳐스릴리징브에나비스타영화㈜,7074867,2012-04-26
은교,롯데쇼핑㈜롯데엔터테인먼트,1346274,2012-04-25
배틀쉽,유니버설픽쳐스인터내셔널 코리아(유),2241687,2012-04-11
간기남,(주)쇼박스,1246185,2012-04-11
건축학개론,롯데쇼핑㈜롯데엔터테인먼트,4110645,2012-03-22
언터처블: 1%의 우정,(주)넥스트엔터테인먼트월드(NEW),1719772,2012-03-22
화차,필라멘트픽쳐스,2435211,2012-03-08
러브픽션,(주)넥스트엔터테인먼트월드(NEW),1726202,2012-02-29
하울링,씨제이이앤엠(주),1612554,2012-02-16
범죄와의 전쟁: 나쁜놈들 전성시대,(주)쇼박스,4710454,2012-02-02
점박이:한반도의 공룡3D,씨제이이앤엠(주),1040636,2012-01-26
잃어버린 세계를 찾아서 2: 신비의 섬,워너브러더스 코리아(주),1149628,2012-01-19
부러진 화살,(주)넥스트엔터테인먼트월드(NEW),3450941,2012-01-18
댄싱퀸,씨제이이앤엠(주),4057546,2012-01-18
장화신은 고양이,씨제이이앤엠(주),2080154,2012-01-12
퍼펙트 게임,롯데쇼핑㈜롯데엔터테인먼트,1507084,2011-12-21
마이 웨이,"에스케이플래닛(주),씨제이이앤엠(주)",2142622,2011-12-21
셜록홈즈 : 그림자 게임,워너브러더스 코리아(주),2239156,2011-12-21
미션임파서블:고스트프로토콜,씨제이이앤엠(주),7575899,2011-12-15
오싹한 연애,씨제이이앤엠(주),3001530,2011-12-01
브레이킹 던 part1,(주)넥스트엔터테인먼트월드(NEW),1462280,2011-11-30
특수본,"(주)시너지하우스 (시너지),롯데쇼핑㈜롯데엔터테인먼트",1118258,2011-11-24
신들의 전쟁,(주)넥스트엔터테인먼트월드(NEW),1338411,2011-11-10
완득이,씨제이이앤엠(주),5310510,2011-10-20
오직 그대만,(주)쇼박스,1027622,2011-10-20
리얼 스틸,한국소니픽쳐스릴리징브에나비스타영화㈜,3579666,2011-10-12
의뢰인,(주)쇼박스,2393086,2011-09-29
도가니,씨제이이앤엠(주),4662822,2011-09-22
가문의 영광4 - 가문의 수난,(주)넥스트엔터테인먼트월드(NEW),2363955,2011-09-07
혹성탈출: 진화의 시작,이십세기폭스코리아(주),2773794,2011-08-17
개구쟁이 스머프,한국소니픽쳐스릴리징브에나비스타영화㈜,1027438,2011-08-11
최종병기 활,롯데쇼핑㈜롯데엔터테인먼트,7466976,2011-08-10
블라인드,(주)넥스트엔터테인먼트월드(NEW),2362906,2011-08-10
7광구,씨제이이앤엠(주),2232179,2011-08-04
마당을 나온 암탉,롯데쇼핑㈜롯데엔터테인먼트,2199048,2011-07-28
퀵,씨제이이앤엠(주),3125069,2011-07-20
고지전,(주)쇼박스,2945137,2011-07-20
해리포터와 죽음의 성물2,워너브러더스 코리아(주),4400298,2011-07-13
트랜스포머 3,씨제이이앤엠(주),7784807,2011-06-29
엑스맨: 퍼스트 클래스,이십세기폭스코리아(주),2532306,2011-06-02
쿵푸팬더 2,씨제이이앤엠(주),5062722,2011-05-26
캐리비안의 해적: 낯선 조류,한국소니픽쳐스릴리징브에나비스타영화㈜,3130046,2011-05-19
소스 코드,"(주)시너지하우스 (시너지),롯데쇼핑㈜롯데엔터테인먼트",1277301,2011-05-04
써니,씨제이이앤엠(주),7328820,2011-05-04
토르: 천둥의 신,씨제이이앤엠(주),1694529,2011-04-28
분노의 질주: 언리미티드,유니버설픽쳐스인터내셔널 코리아(유),1621973,2011-04-20
수상한 고객들,씨제이이앤엠(주),1059350,2011-04-14
위험한 상견례,롯데쇼핑㈜롯데엔터테인먼트,2595625,2011-03-31
월드 인베이젼,한국소니픽쳐스릴리징브에나비스타영화㈜,1307873,2011-03-10
블랙 스완,이십세기폭스코리아(주),1623199,2011-02-24
아이들...,롯데쇼핑㈜롯데엔터테인먼트,1864408,2011-02-17
그대를 사랑합니다,(주)넥스트엔터테인먼트월드(NEW),1640351,2011-02-17
라푼젤,한국소니픽쳐스릴리징브에나비스타영화㈜,1006075,2011-02-10
조선명탐정 : 각시투구꽃의 비밀,(주)쇼박스,4786259,2011-01-27
평양성,롯데쇼핑㈜롯데엔터테인먼트,1717566,2011-01-27
걸리버 여행기,이십세기폭스코리아(주),1762070,2011-01-27
글러브,씨제이엔터테인먼트,1888100,2011-01-20
심장이 뛴다,롯데쇼핑㈜롯데엔터테인먼트,1006947,2011-01-05
라스트 갓파더,씨제이엔터테인먼트,2316099,2010-12-29
황해,"(주)쇼박스,이십세기폭스코리아(주)",2167426,2010-12-22
헬로우 고스트,(주)넥스트엔터테인먼트월드(NEW),2897477,2010-12-22
해리 포터와 죽음의 성물1,워너브러더스 코리아(주),2809053,2010-12-15
나니아 연대기: 새벽 출정호의 항해,이십세기폭스코리아(주),1182228,2010-12-08
김종욱 찾기,씨제이엔터테인먼트,1130638,2010-12-08
쩨쩨한 로맨스,롯데쇼핑㈜롯데엔터테인먼트,2080574,2010-12-01
초능력자,(주)넥스트엔터테인먼트월드(NEW),2164805,2010-11-10
부당거래,씨제이엔터테인먼트,2766436,2010-10-28
심야의 F.M.,롯데쇼핑㈜롯데엔터테인먼트,1228673,2010-10-14
무적자,씨제이엔터테인먼트,1571432,2010-09-16
슈퍼  배드,유니버설픽쳐스인터내셔널 코리아(유),1043904,2010-09-16
레지던트 이블 4: 끝나지 않은 전쟁 3D,한국소니픽쳐스릴리징브에나비스타영화㈜,1209538,2010-09-16
시라노; 연애조작단,롯데쇼핑㈜롯데엔터테인먼트,2731828,2010-09-16
해결사,"(주)넥스트엔터테인먼트월드(NEW),(주)에스비에스콘텐츠허브",1873327,2010-09-09
마루 밑 아리에티,씨제이엔터테인먼트,1083746,2010-09-09
라스트 에어벤더,씨제이엔터테인먼트,1394110,2010-08-19
악마를 보았다,(주)쇼박스,1848418,2010-08-12
토이 스토리 3,한국소니픽쳐스릴리징브에나비스타영화㈜,1484843,2010-08-05
아저씨,씨제이엔터테인먼트,6282774,2010-08-04
솔트,한국소니픽쳐스릴리징브에나비스타영화㈜,2921331,2010-07-29
인셉션,워너브러더스 코리아(주),5926948,2010-07-21
이끼,씨제이엔터테인먼트,3408144,2010-07-14
이클립스,(주)넥스트엔터테인먼트월드(NEW),2105050,2010-07-07
슈렉 포에버,씨제이엔터테인먼트,2261356,2010-07-01
파괴된 사나이,(주)시너지하우스 (시너지),1030285,2010-07-01
나잇&데이,이십세기폭스코리아(주),2282191,2010-06-24
포화속으로,롯데쇼핑㈜롯데엔터테인먼트,3385706,2010-06-16
방자전,씨제이엔터테인먼트,3035116,2010-06-02
페르시아의 왕자: 시간의 모래,한국소니픽쳐스릴리징브에나비스타영화㈜,2003533,2010-05-27
드래곤 길들이기,씨제이엔터테인먼트,2603857,2010-05-20
로빈 후드,유니버설픽쳐스인터내셔널 코리아(유),1596574,2010-05-13
하녀,(주)싸이더스,2304487,2010-05-13
아이언맨 2,씨제이엔터테인먼트,4498335,2010-04-29
구르믈 버서난 달처럼,에스케이텔레콤(주),1407681,2010-04-28
베스트셀러,(주)시너지하우스 (시너지),1099665,2010-04-15
타이탄,워너브러더스 코리아(주),2685508,2010-04-01
육혈포 강도단,롯데쇼핑㈜롯데엔터테인먼트,1233582,2010-03-18
셔터 아일랜드,씨제이엔터테인먼트,1006833,2010-03-18
이상한 나라의 앨리스,한국소니픽쳐스릴리징브에나비스타영화㈜,2182365,2010-03-04
퍼시 잭슨과 번개 도둑,이십세기폭스코리아(주),1877226,2010-02-11
의형제,(주)쇼박스,5507106,2010-02-04
하모니,씨제이엔터테인먼트,3068544,2010-01-28
용서는 없다,(주)시네마서비스,1144238,2010-01-07
전우치,씨제이엔터테인먼트,6136928,2009-12-23
셜록 홈즈,워너브러더스 코리아(주),2207751,2009-12-23
아바타,"주식회사 해리슨앤컴퍼니,이십세기폭스코리아(주)",13624328,2009-12-17
시크릿,씨제이엔터테인먼트,1046787,2009-12-03
뉴 문,(주)넥스트엔터테인먼트월드(NEW),1949027,2009-12-02
닌자 어쌔신,워너브러더스 코리아(주),1345025,2009-11-26
2012,한국소니픽쳐스릴리징브에나비스타영화㈜,5462953,2009-11-12
청담보살,(주)넥스트엔터테인먼트월드(NEW),1321005,2009-11-11
굿모닝 프레지던트,씨제이엔터테인먼트,2583294,2009-10-22
내 사랑 내 곁에,씨제이엔터테인먼트,2160265,2009-09-24
불꽃처럼 나비처럼,(주)쇼박스,1690294,2009-09-24
애자,(주)시너지하우스 (시너지),1922634,2009-09-09
지.아이.조 : 전쟁의 서막,씨제이엔터테인먼트,2706748,2009-08-06
업,한국소니픽쳐스릴리징브에나비스타영화㈜,1047327,2009-07-29
국가대표,(주)쇼박스,8487894,2009-07-29
해운대,씨제이엔터테인먼트,11453338,2009-07-22
해리 포터와 혼혈 왕자,워너브러더스 코리아(주),3002669,2009-07-15
차우,롯데쇼핑㈜롯데엔터테인먼트,1799356,2009-07-15
킹콩을 들다,(주)넥스트엔터테인먼트월드(NEW),1277800,2009-07-01
트랜스포머: 패자의 역습,씨제이엔터테인먼트,7505700,2009-06-24
거북이 달린다,(주)쇼박스,3059812,2009-06-11
박물관이 살아있다 2,이십세기폭스코리아(주),2002526,2009-06-04
마더,씨제이엔터테인먼트,3013523,2009-05-28
터미네이터 : 미래전쟁의 시작,롯데쇼핑㈜롯데엔터테인먼트,4568891,2009-05-21
천사와 악마,한국소니픽쳐스릴리징브에나비스타영화㈜,1936321,2009-05-14
스타 트렉: 더 비기닝,씨제이엔터테인먼트,1111865,2009-05-07
엑스맨 탄생: 울버린,이십세기폭스코리아(주),1303452,2009-04-30
박쥐,씨제이엔터테인먼트,2237271,2009-04-30
인사동 스캔들,에스케이텔레콤(주),1206101,2009-04-29
7급 공무원,롯데쇼핑㈜롯데엔터테인먼트,4088799,2009-04-22
노잉,(주)넥스트엔터테인먼트월드(NEW),1063955,2009-04-16
그림자 살인,씨제이엔터테인먼트,1914779,2009-04-02
슬럼독 밀리어네어,씨제이엔터테인먼트,1125032,2009-03-19
벤자민 버튼의 시간은 거꾸로 간다,"(주)일레븐엔터테인먼트,워너브러더스 코리아(주)",1767051,2009-02-12
작전,(주)쇼박스,1534407,2009-02-12
작전명 발키리,이십세기폭스코리아(주),1798205,2009-01-22
유감스러운 도시,씨제이엔터테인먼트,1534911,2009-01-22
적벽대전 2 : 최후의 결전,(주)쇼박스,2713031,2009-01-22
워낭소리,㈜인디스토리,2962897,2009-01-15
마다가스카 2,씨제이엔터테인먼트,1247015,2009-01-08
쌍화점,(주)쇼박스,3779553,2008-12-30
지구가 멈추는 날,이십세기폭스코리아(주),1576333,2008-12-24
벼랑 위의 포뇨,(주)쇼박스,1521842,2008-12-17
예스맨,워너브러더스 코리아(주),1402609,2008-12-17
잃어버린 세계를 찾아서,롯데쇼핑㈜롯데엔터테인먼트,1438353,2008-12-17
트와일라잇,(주)넥스트엔터테인먼트월드(NEW),1356180,2008-12-10
과속스캔들,롯데쇼핑㈜롯데엔터테인먼트,8245523,2008-12-03
서양 골동 양과자점 앤티크,"오퍼스픽쳐스,(주)쇼박스",1173310,2008-11-13
미인도,씨제이엔터테인먼트,2325715,2008-11-13
007 퀀텀 오브 솔러스,한국소니픽쳐스릴리징브에나비스타영화㈜,2201300,2008-11-05
아내가 결혼했다,씨제이엔터테인먼트,1788748,2008-10-23
이글 아이,씨제이엔터테인먼트,2258369,2008-10-09
영화는 영화다,㈜스튜디오이쩜영,1307688,2008-09-11
신기전,씨제이엔터테인먼트,3726134,2008-09-04
맘마미아!,유니버설픽쳐스인터내셔널 코리아(유),4554785,2008-09-03
고死 : 피의 중간고사,에스케이텔레콤(주),1634051,2008-08-07
다크 나이트,"주식회사 해리슨앤컴퍼니,워너브러더스 코리아(주)",4087355,2008-08-06
월ㆍE,한국소니픽쳐스릴리징브에나비스타영화㈜,1320830,2008-08-06
눈에는 눈 이에는 이,롯데쇼핑㈜롯데엔터테인먼트,2058764,2008-07-31
미이라 3:황제의 무덤,유니버설픽쳐스인터내셔널 코리아(유),4090795,2008-07-30
님은 먼 곳에,(주)쇼박스,1706576,2008-07-24
"좋은 놈, 나쁜 놈, 이상한 놈 ",씨제이엔터테인먼트,6686912,2008-07-17
적벽대전:거대한 전쟁의 시작,(주)쇼박스,1573621,2008-07-10
핸콕,한국소니픽쳐스릴리징브에나비스타영화㈜,2723518,2008-07-02
원티드,유니버설픽쳐스인터내셔널 코리아(유),2867594,2008-06-26
강철중: 공공의 적 1-1,"씨제이엔터테인먼트,(주)시네마서비스",4300670,2008-06-19
쿵푸 팬더,씨제이엔터테인먼트,4673009,2008-06-05
섹스 앤 더 시티,에스케이텔레콤(주),1074321,2008-06-05
인디아나 존스 4 : 크리스탈 해골의 왕국,씨제이엔터테인먼트,4136101,2008-05-22
나니아 연대기:캐스피언 왕자 ,한국소니픽쳐스릴리징브에나비스타영화㈜,1478573,2008-05-15
아이언맨,씨제이엔터테인먼트,4316003,2008-04-30
포비든 킹덤: 전설의 마스터를 찾아서,(주)시네마서비스,1221352,2008-04-24
테이큰,㈜스튜디오이쩜영,2379830,2008-04-09
삼국지:용의 부활,에스케이텔레콤(주),1036172,2008-04-03
스텝업 2 : 더 스트리트,㈜스튜디오이쩜영,1052379,2008-03-13
"10,000 BC",워너브러더스 코리아(주),1140118,2008-03-13
밴티지 포인트,한국소니픽쳐스릴리징브에나비스타영화㈜,1015287,2008-02-28
점퍼,이십세기폭스필름코퍼레이션,1685405,2008-02-14
추격자,(주)쇼박스,5071619,2008-02-14
6년째 연애중,(주)스튜디오210,1123294,2008-02-05
원스어폰어타임,(유)씨에이치엔터테인먼트,1562486,2008-01-31
더 게임,,1496214,2008-01-30
우리 생애 최고의 순간,(주)싸이더스,4044582,2008-01-10
무방비도시,씨제이엔터테인먼트,1613728,2008-01-10
꿀벌대소동,씨제이엔터테인먼트,1240953,2008-01-03
내셔널 트레져:비밀의 책,한국소니픽쳐스릴리징브에나비스타영화㈜,1756319,2007-12-19
황금 나침반,롯데쇼핑㈜롯데엔터테인먼트,2979838,2007-12-18
색즉시공 시즌2,씨제이엔터테인먼트,2088134,2007-12-12
나는 전설이다,워너브러더스 코리아(주),2215883,2007-12-12
어거스트 러쉬,씨제이엔터테인먼트,2218573,2007-11-29
세븐 데이즈,(주)프라임엔터테인먼트,2120741,2007-11-14
"색, 계","(주)제이앤씨미디어그룹,씨제이엔터테인먼트",1866900,2007-11-08
식객,씨제이엔터테인먼트,3038868,2007-11-01
궁녀,(주)시네마서비스,1438531,2007-10-18
바르게 살자,씨제이엔터테인먼트,2190250,2007-10-18
행복,(주)쇼박스,1239789,2007-10-03
사랑,롯데쇼핑㈜롯데엔터테인먼트,2123815,2007-09-19
즐거운 인생,씨제이엔터테인먼트,1263835,2007-09-13
권순분여사 납치사건,(주)시네마서비스,1619190,2007-09-12
본 얼티메이텀,유니버설픽쳐스인터내셔널 코리아(유),2052800,2007-09-12
만남의 광장,(주)쇼박스,1306434,2007-08-15
지금 사랑하는 사람과 살고 있습니까?,(주)시네마서비스,1095119,2007-08-15
디워,(주)쇼박스,8426973,2007-08-01
화려한 휴가,씨제이엔터테인먼트,7307993,2007-07-25
라따뚜이,한국소니픽쳐스릴리징브에나비스타영화㈜,1054886,2007-07-25
다이 하드 4 : 죽어도 산다,이십세기폭스필름코퍼레이션,3380800,2007-07-17
해리 포터와 불사조 기사단,워너브러더스 코리아(주),3475000,2007-07-11
트랜스포머,씨제이엔터테인먼트,7440531,2007-06-28
검은 집,씨제이엔터테인먼트,1408882,2007-06-21
오션스 써틴,워너브러더스 코리아(주),1386610,2007-06-14
황진이,(주)시네마서비스,1270644,2007-06-06
슈렉3,씨제이엔터테인먼트,2844159,2007-06-06
캐리비안의 해적: 세상의 끝에서,한국소니픽쳐스릴리징브에나비스타영화㈜,4966571,2007-05-23
밀양,(주)시네마서비스,1710364,2007-05-23
못말리는 결혼,롯데쇼핑㈜롯데엔터테인먼트,1304431,2007-05-10
스파이더맨 3,한국소니픽쳐스릴리징브에나비스타영화㈜,4935660,2007-05-01
극락도 살인사건,"(주)엠케이픽처스 ,(주)두엔터테인먼트 ",2259511,2007-04-12
우아한 세계,롯데쇼핑㈜롯데엔터테인먼트,1025781,2007-04-05
이장과 군수,씨제이엔터테인먼트,1269142,2007-03-29
향수 : 어느 살인자의 이야기,"(주)누리픽쳐스,롯데쇼핑㈜롯데엔터테인먼트",1011710,2007-03-22
300,워너브러더스 코리아(주),2929400,2007-03-14
그 여자 작사 그 남자 작곡,"주식회사 해리슨앤컴퍼니,워너브러더스 코리아(주)",1103900,2007-02-28
1번가의 기적,씨제이엔터테인먼트,2750457,2007-02-14
복면달호,㈜스튜디오이쩜영,1611192,2007-02-14
김관장 대 김관장 대 김관장,(주)쇼박스,1025618,2007-02-08
바람피기 좋은 날,(주)시네마서비스,1847875,2007-02-08
그놈 목소리,씨제이엔터테인먼트,3143247,2007-02-01
최강로맨스,(주)쇼박스,1299274,2007-01-25
마파도2,씨제이엔터테인먼트,1560297,2007-01-18
허브,(주)쇼박스,1406199,2007-01-11
에라곤,이십세기폭스필름코퍼레이션,1022140,2007-01-11
조폭마누라3,(주)쇼박스,1690465,2006-12-28
중천,씨제이엔터테인먼트,1531220,2006-12-21
박물관이 살아있다!,이십세기폭스코리아(주),4612831,2006-12-21
007 카지노 로얄,한국소니픽쳐스릴리징브에나비스타영화㈜,1088307,2006-12-21
미녀는 괴로워,(주)쇼박스,6619498,2006-12-14
로맨틱 홀리데이,UIP코리아,1300645,2006-12-14
해바라기,(주)쇼박스,1543429,2006-11-23
마음이...,(주)쇼박스,1042166,2006-10-26
악마는 프라다를 입는다,"(주)퍼스트런,글뫼 주식회사,이십세기폭스코리아(주)",1730719,2006-10-25
거룩한 계보,씨제이엔터테인먼트,1744677,2006-10-19
라디오 스타,(주)시네마서비스,1879501,2006-09-28
타짜,씨제이엔터테인먼트,6847777,2006-09-28
가문의 부활 - 가문의 영광3,(주)쇼박스,3464516,2006-09-21
우리들의 행복한 시간,(주)프라임엔터테인먼트,3132320,2006-09-14
몬스터 하우스,소니픽쳐스릴리징코리아,1201649,2006-08-10
각설탕,씨제이엔터테인먼트,1446820,2006-08-10
괴물,(주)쇼박스,13019740,2006-07-27
한반도,씨제이엔터테인먼트,3880308,2006-07-13
캐리비안의 해적 : 망자의 함,브에나비스타인터내셔널코리아,4628903,2006-07-06
수퍼맨 리턴즈,워너브러더스 코리아(주),1764758,2006-06-28
아랑,롯데쇼핑㈜롯데엔터테인먼트,1122399,2006-06-28
비열한 거리,씨제이엔터테인먼트,2047808,2006-06-15
엑스맨 : 최후의 전쟁,이십세기폭스코리아(주),2096180,2006-06-15
포세이돈,워너브러더스 코리아(주),2214600,2006-05-31
짝패,씨제이엔터테인먼트,1196520,2006-05-25
다빈치 코드,소니픽쳐스릴리징코리아,3339082,2006-05-18
미션 임파서블 3,UIP코리아,5740789,2006-05-03
사생결단,씨제이이앤엠(주),2104716,2006-04-27
맨발의 기봉이,(주)쇼박스,2347311,2006-04-26
"달콤, 살벌한 연인",씨제이엔터테인먼트,2286745,2006-04-06
빨간모자의 진실,(주)쇼박스,1057223,2006-04-06
청춘만화,(주)쇼박스,2066354,2006-03-23
데이지,(주)쇼박스,1023096,2006-03-09
음란서생,씨제이엔터테인먼트,2576022,2006-02-23
구세주,쇼이스트(주),1858668,2006-02-16
흡혈형사 나도열,(주)쇼박스,1824822,2006-02-09
홀리데이,롯데쇼핑㈜롯데엔터테인먼트,1458896,2006-01-19
투사부일체,씨제이엔터테인먼트,6105431,2006-01-19
야수,(주)쇼박스,1016152,2006-01-12
싸움의 기술,씨제이엔터테인먼트,1313727,2006-01-05
왕의 남자,(주)시네마서비스,12302831,2005-12-29
"나니아 연대기-사자,마녀 그리고 옷장",브에나비스타인터내셔널코리아,2505133,2005-12-29
작업의 정석,(주)쇼박스,2342232,2005-12-21
킹콩,UIP코리아,4232430,2005-12-14
태풍,씨제이엔터테인먼트,4094395,2005-12-14
해리포터와 불의 잔,워너브러더스 코리아(주),3615000,2005-12-01
광식이 동생 광태,(주)엠케이픽처스 ,2430200,2005-11-23
미스터 소크라테스,롯데쇼핑㈜롯데엔터테인먼트,1261965,2005-11-10
야수와 미녀,(주)쇼박스,1561282,2005-10-27
새드무비,"롯데쇼핑㈜롯데엔터테인먼트,아이러브시네마",1066765,2005-10-20
내 생애 가장 아름다운 일주일,씨제이엔터테인먼트,2533103,2005-10-07
너는 내 운명,씨제이엔터테인먼트,3051134,2005-09-23
찰리와 초콜릿 공장,워너브러더스 코리아(주),1372700,2005-09-16
형사; Duelist,코리아픽쳐스(주),1203146,2005-09-08
가문의 위기(가문의 영광2),(주)쇼박스,5635266,2005-09-07
박수칠 때 떠나라,(주)시네마서비스,2475291,2005-08-11
웰컴 투 동막골,(주)쇼박스,8008622,2005-08-04
친절한 금자씨,씨제이엔터테인먼트,3650000,2005-07-29
아일랜드,워너브러더스 코리아(주),3433900,2005-07-21
천군,(주)쇼박스,1232992,2005-07-15
마다가스카,씨제이엔터테인먼트,1620031,2005-07-14
우주전쟁,UIP코리아,3223000,2005-07-07
분홍신,(주)쇼박스,1371122,2005-06-30
미스터 & 미세스 스미스,이십세기폭스필름코퍼레이션,3546900,2005-06-16
연애의 목적,씨제이엔터테인먼트,1735977,2005-06-10
간 큰 가족,(주)쇼박스,1593038,2005-06-09
"안녕, 형아",(주)시네마서비스,1143136,2005-05-27
스타워즈 에피소드3 - 시스의복수,이십세기폭스필름코퍼레이션,1722800,2005-05-26
연애술사,씨제이엔터테인먼트,1163274,2005-05-20
남극일기,(주)쇼박스,1057311,2005-05-19
킹덤 오브 헤븐,이십세기폭스필름코퍼레이션,1484000,2005-05-04
혈의 누,(주)시네마서비스,2274995,2005-05-04
댄서의 순정,쇼이스트(주),2197555,2005-04-28
주먹이 운다(Crying Fist),쇼이스트(주),1728477,2005-04-01
달콤한 인생,씨제이엔터테인먼트,1271595,2005-04-01
잠복근무,(주)쇼박스,1914941,2005-03-17
마파도,씨제이엔터테인먼트,3090467,2005-03-10
파송송 계란탁,씨제이엔터테인먼트,1193150,2005-02-18
콘스탄틴,워너브러더스 코리아(주),1845000,2005-02-08
B형 남자친구,롯데쇼핑㈜롯데엔터테인먼트,1485454,2005-02-03
그때 그 사람들,(주)엠케이픽처스 ,1083962,2005-02-03
말아톤,(주)쇼박스,5148022,2005-01-27
공공의 적 2,(주)시네마서비스,3911356,2005-01-27
몽정기2,롯데쇼핑㈜롯데엔터테인먼트,1188815,2005-01-14
알렉산더,(주)시네마서비스,1671576,2004-12-31
내셔널 트레져,한국소니픽쳐스릴리징브에나비스타영화㈜,1384507,2004-12-31
하울의 움직이는 성,"(주)이수C&E,(주)시네마서비스",3015165,2004-12-23
인크레더블,한국소니픽쳐스릴리징브에나비스타영화㈜,1155067,2004-12-15
블레이드 3,(주)쇼박스,1069643,2004-12-15
역도산,씨제이엔터테인먼트,1386179,2004-12-15
오페라의 유령,"(주)팝엔터테인먼트,(주)드림팩트엔터테인먼트,씨제이엔터테인먼트",2006880,2004-12-08
브리짓 존스의 일기2 : 열정과 애정,UIP코리아,1462000,2004-12-08
